"City","gem_vraagprijs","perc_ver_vraagprijs","verk_woningen","perc_ver_verkocht","gem_m2prijs","perc_ver_m2prijs","perc_overboden","perc_ver_overboden","best_inkomen"
"Aalsmeer",725000,55.41,9,-25,4297,3.19,7.25,-3.13,45800
"Alkmaar",410000,43.86,24,-59.32,4013,13.94,12.67,1.53,36300
"Amstelveen",7e+05,47.37,14,-68.89,5097,10.09,8.71,0.81,37800
"Amsterdam",465000,9.41,166,-43.73,6993,5.52,15.72,1.81,30100
"Beemster",675000,-3.23,3,-50,4299,-7.15,11.87,1.79,47300
"Bergen(NH)",475000,-31.65,3,-78.57,6333,27.58,7,0.99,41800
"Beverwijk",299000,0,9,-67.86,3676,5.88,11.97,-1.07,36300
"Blaricum",1847500,148.82,8,0,9262,105.5,1.15,-3.13,49000
"Bloemendaal",1072500,-28.38,14,250,6429,6.39,9.69,1.82,53800
"Castricum",525000,86.01,9,0,3874,10.28,14.47,4.37,45600
"DenHelder",204500,2.76,14,-48.15,2078,5.97,15.18,-0.56,33300
"Diemen",385000,18.46,9,0,4545,5.45,13.73,0.23,34000
"Drechterland",365000,-19.78,2,-66.67,2799,-26.48,10.49,-8.35,42700
"Edam-Volendam",417000,20.87,2,-84.62,4511,29.89,5.54,4.8,45600
"Enkhuizen",430000,75.51,2,-60,3391,45.35,17.84,0.84,35600
"GooiseMeren",582000,8.79,25,-3.85,4355,-3.09,8.13,-1.38,42800
"Haarlem",5e+05,33.33,83,16.9,5255,14.44,17.76,3.45,36300
"Haarlemmermeer",455000,15.19,40,-37.5,3947,-0.88,13.77,2.87,45200
"Heemskerk",339500,-14.05,7,-63.16,3379,-7.55,17.22,2.96,39500
"Heemstede",785000,12.14,14,40,5396,6.47,13,0.84,47600
"Heerhugowaard",382000,13.19,14,-48.15,3045,4.17,14.93,0.28,41800
"Heiloo",475000,20.25,11,57.14,4583,16.03,7.53,3.18,44000
"Hilversum",495000,34.69,33,-8.33,4577,13.8,9.45,-3.02,36500
"HollandsKroon",233750,-15,8,-66.67,2951,-2.35,13.78,5.39,39900
"Hoorn",392500,36.17,14,-58.82,4064,29.47,13.33,0.19,37400
"Huizen",455000,4.6,10,100,4875,25.51,11.68,4.32,40700
"Koggenland",425000,37.32,5,-64.29,3320,8.82,11.93,-2.77,44100
"Landsmeer",7e+05,-12.28,3,200,4268,-16.56,15.73,-0.32,46800
"Langedijk",449000,34.03,6,-53.85,3320,18.61,8.87,0.44,43800
"Laren",1050000,37.7,5,-28.57,6213,-6.29,8.21,0.34,48800
"Medemblik",345000,-8.49,5,-78.26,3136,-6.56,10.67,-3.76,40500
"Oostzaan",0,NA,0,-100,0,NA,12.93,-0.97,46000
"Opmeer",642500,133.64,2,100,3006,20.24,14.34,4.5,41700
"Ouder-Amstel",555000,12.12,2,-77.78,5557,12.26,6.18,-5.03,42600
"Purmerend",340000,13.33,16,-60.98,3422,5.29,10.82,1.03,38200
"Schagen",388500,17.02,9,-62.5,3298,-1.05,9.12,1.61,39900
"StedeBroec",290000,-6.15,5,-61.54,2992,8.8,16.74,2.59,39400
"Texel",335000,-5.63,4,-20,4020,0.32,-0.53,-1.5,37000
"Uitgeest",325000,-18.24,3,-50,3009,-14.54,15.91,0.78,46700
"Uithoorn",325000,-8.45,7,-46.15,3641,5.26,11.93,5.38,42000
"Velsen",334750,-0.67,18,-18.18,4052,17.45,15.12,-1.96,38500
"Waterland",575000,-11.54,1,-80,4107,-18.75,6.06,-0.04,44400
"Weesp",289500,-15.47,10,0,4255,-12.07,7.54,-0.12,38100
"Wijdemeren",1262500,197.06,4,-42.86,4903,20.85,4.5,1.94,45600
"Wormerland",325000,-17.72,1,-85.71,2802,-17,19.07,10.62,41300
"Zaanstad",350000,0.86,41,-48.1,3591,-0.77,14.76,1.97,36400
"Zandvoort",627000,56.75,6,-45.45,4973,10.66,7.05,-2.04,35100
"Alblasserdam",337500,37.76,7,40,2877,-15.06,7.49,2.32,39800
"Albrandswaard",4e+05,-20,7,-58.82,3153,-18.02,6.34,0.66,49000
"AlphenaandenRijn",350000,7.69,27,-40,3269,4.51,9.96,-0.64,41700
"Barendrecht",412250,10.67,20,-16.67,3704,5.05,6.93,1.33,48700
"Bodegraven-Reeuwijk",395000,-7.06,9,-30.77,3194,-10.56,11.11,-0.17,45600
"Brielle",5e+05,58.73,3,-57.14,3968,46.53,8.92,4.29,44100
"CapelleaandenIJssel",312500,-6.99,20,-54.55,3072,-4.36,11.56,1.63,35800
"Delft",335000,-2.05,23,-52.08,4464,10.66,9.94,2.42,27000
"Dordrecht",290000,8.41,32,-58.97,3010,8,13.08,5.58,35200
"Goeree-Overflakkee",345000,10.4,7,-78.79,2967,3.42,7.28,4.51,40600
"Gorinchem",295000,13.46,10,-28.57,2861,-1.68,8.72,-1.12,36000
"Gouda",419500,43.66,33,-15.38,3462,13.32,11.73,-0.65,36900
"Hardinxveld-Giessendam",284250,6.26,4,0,3479,24.25,5.04,-7.85,42700
"Hellevoetsluis",264500,-10.34,12,-55.56,2389,-13.35,7.71,-1.96,41100
"Hendrik-Ido-Ambacht",495000,26.92,5,-54.55,3546,8.21,7.59,0.06,46700
"Hillegom",515000,31.21,11,-8.33,3786,4.44,11.51,3.03,41600
"HoekscheWaard",415000,27.69,29,-49.12,3371,13.73,7.05,-0.05,44100
"KaagenBraassem",350000,-28.21,7,-12.5,3207,-30.05,9.16,-3.63,44200
"Katwijk",4e+05,8.4,13,-55.17,4166,9,11.35,-0.98,42200
"KrimpenaandenIJssel",280000,-17.65,4,-77.78,2892,-9.11,10.02,2.52,40100
"Krimpenerwaard",3e+05,-16.08,9,-57.14,3092,-13.34,7.73,0.63,41800
"Lansingerland",385000,-3.75,9,-67.86,3783,6.23,7.19,1.92,51800
"Leiden",375000,-6.25,27,-48.08,4130,2.48,15.9,3.62,29600
"Leiderdorp",485000,22.78,7,-46.15,4132,10.54,13.7,3.47,42500
"Leidschendam-Voorburg",377000,0.53,32,-37.25,3707,-2.68,11.21,2.52,37900
"Lisse",312000,-29.09,6,-50,4425,0.34,7.11,-3.39,40700
"Maassluis",325000,-9.47,7,-66.67,3465,17.82,10.96,0.38,37200
"Midden-Delfland",412000,16.06,6,20,3932,-4.75,9.75,2.49,50100
"Molenlanden",309000,-27.29,9,-25,3045,-3.79,4.57,-1.39,45300
"Nieuwkoop",409000,28.82,6,-57.14,3380,-5.08,10.45,1.75,45800
"Nissewaard",327450,14.89,9,-76.92,3003,6.3,8.54,1.59,38000
"Noordwijk",593500,28.32,8,-42.86,4379,-1.71,4.04,-4.04,40400
"Oegstgeest",629000,19.81,10,-9.09,4522,-1.91,7.56,-0.71,48900
"Papendrecht",372500,6.43,13,8.33,3054,-6.81,9.46,1.9,41100
"Pijnacker-Nootdorp",467000,9.88,10,-70.59,4180,11.17,10.24,3.22,50600
"Ridderkerk",342000,12.13,7,-73.08,3191,-7.1,7.5,0.13,36900
"Rijswijk",272000,-1.09,15,-50,3307,-1.25,12.49,1.52,34800
"Rotterdam",375000,15.38,152,-52.2,4182,17.11,11.99,1.7,29300
"Schiedam",275000,18.28,13,-76.79,3187,15.01,12.58,-1.64,32800
"'s-Gravenhage",329500,-3.09,159,-41.97,3710,2.88,11.47,-0.36,31500
"Sliedrecht",377000,30.45,2,-86.67,2953,-1.6,9.37,3.77,37600
"Teylingen",385000,-3.75,12,-7.69,3738,-3.76,9.32,-0.09,46000
"Vlaardingen",289250,34.53,12,-69.23,3068,9.96,12.13,0.65,33400
"Voorschoten",464000,68.73,6,-60,4044,-1.2,7.49,1.42,45000
"Waddinxveen",289000,-11.08,6,-45.45,2857,-13.29,11.11,2.15,42800
"Wassenaar",875000,62.34,9,-52.63,5282,15.66,0.78,-1.42,44900
"Westland",399000,2.31,29,-27.5,3906,0.9,7.6,-1.46,43000
"Westvoorne",622250,-36.18,2,-66.67,4967,-8.56,2.03,-4.63,45900
"Zoetermeer",231250,-28.85,22,-64.52,3082,-3.78,13.6,1.88,39200
"Zoeterwoude",947500,99.47,2,-60,4325,18.62,5.94,-4.72,47200
"Zuidplas",424500,9.55,10,-44.44,3566,5.85,8.72,-0.19,46100
"Zwijndrecht",304250,3.31,8,-72.41,2985,4.3,10.26,-0.08,36500
"Borsele",199000,-33.44,5,-54.55,2398,7.15,8.44,-1.37,41500
"Goes",364500,26.12,8,-72.41,2897,6.08,8.62,1.78,36600
"Hulst",190000,-40.62,6,-70,2288,-2.89,7.11,2.78,37600
"Kapelle",425000,80.85,3,-62.5,3125,16.65,7.13,-1.21,43700
"Middelburg",280000,10.13,19,-52.5,2837,-3.14,9.93,3.11,35700
"Noord-Beveland",249000,-28.86,5,-58.33,2767,-14.99,6.01,0.56,36800
"Reimerswaal",372000,125.45,7,133.33,3246,71.11,14.63,1.15,38900
"Schouwen-Duiveland",390000,-11.36,4,-71.43,5200,52.27,7.56,-3.79,38700
"Sluis",322000,-16.8,11,-38.89,2534,-19.89,0.75,-0.38,35200
"Terneuzen",180000,-21.65,20,-37.5,2014,-10.25,7.69,-0.26,35600
"Tholen",235000,4.44,16,14.29,2410,2.82,8.96,-1.08,39000
"Veere",462000,-4.74,6,-40,3546,-3.9,8.2,2.98,42400
"Vlissingen",275000,25.43,17,-63.04,2547,8.24,10.19,-0.21,32200
"Alphen-Chaam",589500,93.6,6,200,3358,38.19,1.63,-2.14,45700
"Altena",344500,1.1,12,-47.83,2773,-8.33,8.79,-0.22,43400
"Asten",275000,-40.86,1,-85.71,2523,-10.18,7.15,-0.35,40200
"Baarle-Nassau",0,NA,0,-100,0,NA,15.02,17.89,37700
"Bergeijk",474500,46,6,-45.45,3862,12.69,3.36,1.6,43600
"BergenopZoom",299000,2.93,13,-71.11,2941,14.21,7.75,2.45,36800
"Bernheze",325000,0,3,-57.14,2708,-1.6,8.43,3.17,44600
"Best",615000,68.49,6,-33.33,3735,33.63,8.14,-1.24,44500
"Bladel",362000,13.13,5,66.67,3203,-2.91,3.7,-1.74,42700
"Boekel",769000,129.55,3,-50,2601,-10.28,5.04,5.14,45100
"Boxmeer",3e+05,-26.83,4,-60,2433,-18.16,7.03,-1.86,41800
"Boxtel",294750,-25.38,8,-38.46,3531,7.19,7.28,-3.2,38400
"Breda",345000,-8,41,-53.93,3831,1.7,8.53,0.44,35500
"Cranendonck",325000,12.36,6,-62.5,2868,0.39,11.71,7.66,40500
"Cuijk",325000,-2.11,5,-64.29,2895,4.32,8.74,-1.97,38400
"Deurne",325000,12.46,9,12.5,2851,16.89,9.88,5.87,40000
"Dongen",355000,12.7,10,-47.37,3244,20.77,10.83,5.19,41700
"Drimmelen",397500,28.23,2,-80,3451,18.51,8.46,4.81,43500
"Eersel",450000,3.51,3,-70,3598,17.97,5.22,-9.5,45200
"Eindhoven",357500,5.46,51,-46.32,3571,8.18,10.31,1.01,31600
"Etten-Leur",322000,-8,11,-42.11,2873,1.56,7.06,0.28,40300
"Geertruidenberg",345000,38,7,-12.5,3065,5.54,2.36,1.05,40300
"Geldrop-Mierlo",369000,-1.6,6,-76,2935,-5.78,10.91,2.14,39400
"Gemert-Bakel",450000,5.88,3,-50,2616,-5.87,-0.94,-5.46,40500
"GilzeenRijen",375000,27.88,2,-75,3044,4.35,13.29,8.78,40600
"Goirle",425000,32.81,4,-60,3274,15.28,6.45,1.11,44000
"Grave",671500,168.6,2,-81.82,4142,60.17,4.73,-2.67,40600
"Halderberge",335000,-1.33,4,-60,3081,4.33,7.07,1.99,39100
"Heeze-Leende",265000,-24.29,1,-80,2650,21.95,5.28,-6.04,47100
"Helmond",325000,6.64,14,-68.89,2917,1.78,7.55,-0.33,35700
"Heusden",380000,-10.59,7,-72,2970,-2.81,5.32,-2.26,42500
"Hilvarenbeek",492500,15.88,4,-42.86,3407,15.84,6.53,2.67,46100
"Laarbeek",329000,-2.95,7,-46.15,2989,9.49,8.28,-0.88,41900
"Landerd",495000,52.31,3,-25,3194,28.38,6.24,5.7,44700
"LoonopZand",368500,-1.73,2,-33.33,3043,-13.18,5.09,-1.94,41200
"Meierijstad",382500,17.69,12,-69.23,3645,30.27,6.95,0.89,41800
"MillenSintHubert",285000,-5,1,-80,2740,-1.37,1.22,-8.72,41300
"Moerdijk",4e+05,28,9,-50,2731,2.25,10.56,2.1,40800
"Nuenen,GerwenenNederwetten",635000,72.44,1,-93.75,4178,25.05,3.45,-0.23,46300
"Oirschot",542000,-9.67,6,-45.45,4335,20.68,1.59,-5.37,45800
"Oisterwijk",575000,27.78,15,15.38,3652,6.32,4.16,-0.15,43500
"Oosterhout",349000,-10.28,22,-4.35,3041,-0.88,6.87,1.56,38800
"Oss",298000,-20.53,28,-50,2955,-0.71,5.51,0.02,38400
"Reusel-DeMierden",344000,7.5,2,-71.43,2988,2.43,2.32,-2.84,43600
"Roosendaal",279000,11.6,14,-71.43,2448,-5.63,10.15,3.61,36300
"Rucphen",574500,30.87,4,-69.23,2792,-3.46,3.93,3.47,39400
"'s-Hertogenbosch",387000,10.57,54,-37.21,3863,12.76,8.34,0.58,37000
"SintAnthonis",0,NA,0,-100,0,NA,20.04,19.86,44100
"Sint-Michielsgestel",425000,-2.3,1,-93.33,3346,-9.17,7.54,2.33,46000
"Someren",3e+05,-20,1,-85.71,3061,3.06,4.87,0.7,41100
"SonenBreugel",429800,-16.01,3,-57.14,4055,19.9,13.59,3.54,46800
"Steenbergen",357250,19.48,8,-42.86,2845,3.68,5.53,0.85,36100
"Tilburg",325000,1.88,36,-64.71,3377,16.49,10.63,1.56,31600
"Uden",320000,-11.6,14,16.67,2817,-17.15,6.07,1.53,38300
"Valkenswaard",309500,-11.32,2,-88.24,2829,-20.13,12.42,1.16,37400
"Veldhoven",359000,-16.99,12,-45.45,3333,-3.05,8.41,0.01,42000
"Vught",525000,40,7,-61.11,4500,26.19,6.89,-0.22,43500
"Waalre",372000,-16.87,4,0,3323,-11.01,10.64,0.37,47300
"Waalwijk",362500,27.19,11,-47.62,3255,18.49,5.48,1.02,37500
"Woensdrecht",414000,33.98,4,-66.67,2612,-3.94,7.02,2.56,38800
"Zundert",442500,55.26,4,-55.56,3344,2.08,4.07,-0.45,40700
"Amersfoort",369500,-0.67,42,-33.33,3713,-4.28,14.48,0.77,40300
"Baarn",375000,-1.9,9,-35.71,5068,12.7,4.93,0.61,40300
"Bunnik",589000,32.51,9,12.5,4138,14.12,7.8,-2.02,48500
"Bunschoten",522500,33.29,5,-37.5,5058,29.76,-0.13,0.02,46200
"DeBilt",469500,-10.57,12,-40,4971,10.49,9.91,4.56,42100
"DeRondeVenen",595000,20.2,7,-69.57,4368,8.58,5.2,-0.69,45800
"Eemnes",0,NA,0,NA,0,NA,4.12,-0.57,46300
"Houten",509000,17.82,9,-35.71,4082,11.99,12.7,2.6,49200
"IJsselstein",379000,3.84,13,-7.14,3296,-10.6,12.82,0.68,44000
"Leusden",475000,26.67,11,-26.67,3583,0.56,8.17,-3.39,46300
"Lopik",295000,-8.53,5,-16.67,3516,-3.01,8.58,2.04,46100
"Montfoort",330000,-7.69,6,200,3120,4.35,14.64,3.28,46800
"Nieuwegein",350000,3.24,16,-56.76,3216,-3.51,17.07,0.21,38600
"Oudewater",487500,57.77,4,33.33,4057,13.42,22.32,12.13,45200
"Renswoude",0,NA,0,-100,0,NA,8.6,-1.42,46400
"Rhenen",4e+05,1.27,7,-22.22,3925,-7.6,10.53,2.78,41100
"Soest",547000,40.26,20,33.33,4451,16.82,8.42,0.93,41800
"StichtseVecht",550000,11.11,24,-22.58,4327,2.95,10.18,-0.89,44000
"Utrecht",439500,17.2,146,-16.57,5000,8.15,16.9,0.19,32300
"UtrechtseHeuvelrug",572500,39.63,12,-40,4957,12.25,9.19,4.55,43200
"Veenendaal",374750,7.22,22,-37.14,3197,-3.91,7.49,0.23,39000
"Vijfheerenlanden",4e+05,15.11,14,-30,3659,12.48,9.07,0.31,41500
"WijkbijDuurstede",325000,-7.14,10,11.11,3598,7.05,8.41,2.94,45900
"Woerden",397500,15.55,14,-46.15,3860,-4.55,12.79,0.06,44600
"Woudenberg",595000,19,7,133.33,4371,39.87,4.91,0.39,46100
"Zeist",574000,17.38,35,-7.89,4450,9.9,10.03,0.58,37700
"Almere",357500,10,50,-64.03,3278,3.9,16.2,1.35,39900
"Dronten",261250,-18.93,28,7.69,2565,4.82,17.4,1.45,40400
"Lelystad",349000,24.64,14,-46.15,2706,12.8,12.35,-2.32,36300
"Noordoostpolder",3e+05,5.54,11,-52.17,2441,0.08,8.34,1.08,38600
"Urk",0,NA,1,0,0,NA,10.47,NA,45500
"Zeewolde",399000,5,7,-63.16,3046,6.24,11.75,3.24,43000
"Achtkarspelen",239500,-21.48,8,-46.67,2521,1.65,12.82,6.41,35500
"Ameland",0,NA,0,NA,0,NA,0.17,NA,36500
"Dantumadiel",265000,-14.52,3,-25,2454,-14.49,7.9,2.75,35800
"DeFryskeMarren",369000,17.14,20,-20,3387,23.66,7.67,-0.48,38800
"Harlingen",324500,42.79,5,-50,3155,38.13,13.2,4.14,32300
"Heerenveen",419500,-11.59,21,-16,2664,-11.99,8.03,-0.94,36000
"Leeuwarden",227250,-5.31,56,-29.11,2320,-3.49,13.53,0.92,30300
"Noardeast-Fryslân",199500,-23.05,19,-5,1759,-15.84,6.8,-0.55,34900
"Ooststellingwerf",295000,-3.67,8,-60,2706,11.5,9.97,-1.99,36200
"Opsterland",360000,50.63,12,-7.69,2550,31.65,7.59,5.18,38800
"Schiermonnikoog",0,NA,0,NA,0,NA,NA,NA,NA
"Smallingerland",292000,17.03,29,-23.68,2503,9.97,12.24,5.02,34700
"Súdwest-Fryslân",279000,-12.81,30,-44.44,2568,-0.54,8.79,1.49,36100
"Terschelling",0,NA,0,NA,0,NA,NA,NA,34600
"Tytsjerksteradiel",269500,-2.88,16,45.45,2404,-14.2,11.23,0.61,38900
"Vlieland",0,NA,0,NA,0,NA,NA,NA,NA
"Waadhoeke",3e+05,0.84,23,-17.86,2300,8.59,12.36,5.84,35900
"Weststellingwerf",220000,-18.22,8,14.29,2187,-24.56,16.43,6,35600
"Eemsdelta",239500,19.75,16,-44.83,1977,5.84,14.44,1.64,33500
"Groningen",269500,12.76,119,-8.46,2958,-3.4,21.02,2.62,25400
"HetHogeland",227250,11.12,20,11.11,2012,1.16,13.21,0.93,35100
"Midden-Groningen",299000,31.43,19,-38.71,2242,12.44,13.63,1.62,34100
"Oldambt",199500,-20.04,17,-22.73,1998,4.12,9.99,-0.47,31900
"Pekela",125000,-37.5,4,-63.64,1167,-31.75,14.24,-1.77,31900
"Stadskanaal",267000,21.78,12,-20,2313,-1.07,9.15,0.1,32200
"Veendam",275000,48.65,7,-73.08,1786,-4.75,13.03,0.25,33700
"Westerkwartier",299500,11.34,22,-8.33,2548,-4.64,15.9,3.23,40200
"Westerwolde",341250,24.09,8,-55.56,2381,4.94,9.42,-0.16,34000
"AaenHunze",325000,-1.29,13,62.5,2752,12.1,10.3,1.25,41400
"Assen",275000,10,15,-48.28,2467,-1.32,13.04,0.69,35500
"Borger-Odoorn",310000,-3.8,6,-64.71,2074,-14.86,13.37,3.49,38200
"Coevorden",297500,12.26,13,-53.57,2299,-6.24,11.57,3.14,37200
"DeWolden",450000,38.46,13,-27.78,3236,7.01,7.88,1.64,42800
"Emmen",239500,-4.2,55,-25.68,2055,-0.53,10.58,1.19,34000
"Hoogeveen",279500,9.61,15,-42.31,2519,13.88,7.71,-1,35000
"Meppel",310000,-22.5,15,-58.33,2536,-12.52,7.14,-2.66,36600
"Midden-Drenthe",349000,-4.38,7,-36.36,2815,18.53,7.46,4.27,39900
"Noordenveld",272000,-7.8,12,-14.29,2494,-3.71,13.67,4.29,39500
"Tynaarlo",374500,-28.19,17,-5.56,2972,-6.04,12.24,2.6,44000
"Westerveld",350000,0.14,7,-46.15,3624,35.73,6.21,1.5,39300
"Almelo",287000,10.49,25,-43.18,2279,6.25,9.54,2.06,32900
"Borne",290000,-32.87,8,100,2632,-20.15,9,1.2,42900
"Dalfsen",675000,92.86,9,-18.18,3422,21.39,6.78,1.81,44200
"Deventer",295000,0,28,-48.15,2900,2.8,13.74,1.1,35200
"Dinkelland",438000,41.75,9,0,3087,23.98,13.16,9.75,45100
"Enschede",232500,-3.23,47,-36.49,2525,2.68,11.7,2.4,29300
"Haaksbergen",350000,16.67,6,-25,2621,6.33,12.68,5.25,40500
"Hardenberg",350000,7.69,14,-33.33,2381,-3.29,10.11,0.51,40400
"Hellendoorn",450000,50,9,-59.09,3134,27.55,2.4,1.41,40900
"Hengelo(O)",245000,-15.52,19,-51.28,2130,-13.2,7.59,-1.04,34400
"HofvanTwente",274750,-22.44,8,-33.33,2499,1.67,8.64,-1.88,40800
"Kampen",310000,24,23,9.52,2545,1.8,11.14,2.5,38400
"Losser",387500,49.61,2,-81.82,2925,28.68,8.91,-0.07,38800
"Oldenzaal",275000,-11.86,11,-31.25,2391,-6.75,5.87,1.55,37800
"Olst-Wijhe",335000,13.56,2,-80,3121,10.32,10.66,3.58,42000
"Ommen",513100,54.55,5,25,3846,46.96,8.82,0.51,40700
"Raalte",295000,-21.33,5,-61.54,2153,-13.88,14.12,6.13,41200
"Rijssen-Holten",349000,16.33,8,60,2685,-7.45,8.08,1.6,43100
"Staphorst",270000,-29.87,3,-40,2455,2.59,8.45,5.32,45200
"Steenwijkerland",423000,51.61,26,0,2796,6.76,8.38,7.27,37200
"Tubbergen",450000,20,5,-37.5,2903,11.1,2.37,-2.3,46100
"Twenterand",255000,-13.56,10,11.11,1990,-13.1,6.78,1.46,39500
"Wierden",383500,26.99,5,-16.67,2981,-1.45,6.95,2.63,45100
"Zwartewaterland",289500,12.65,8,-11.11,2564,3.43,6.44,-3.57,42800
"Zwolle",337000,6.98,55,-11.29,3354,11.28,13.46,0.31,35500
"Aalten",395000,75.56,7,-22.22,2655,23.89,5.77,-3.9,39100
"Apeldoorn",3e+05,-7.69,41,-49.38,2941,-5.74,9.46,1.84,37800
"Arnhem",339000,21.07,42,-54.35,3074,6.33,12.24,-0.81,30100
"Barneveld",369000,-5.99,24,-22.58,3361,0.3,11.17,2.24,43700
"BergenDal",587500,111.71,6,-57.14,3207,9.12,10.29,-0.57,37100
"Berkelland",397250,18.23,11,-42.11,3103,17.05,7.03,-2.57,39400
"Beuningen",3e+05,-6.25,4,-55.56,2875,20.39,14.67,2.37,42800
"Bronckhorst",324750,-40.41,12,9.09,3798,4.51,9.19,0.31,41800
"Brummen",450000,19.36,3,-70,3879,16.87,8.61,-6.61,40900
"Buren",460000,-12.38,10,-52.38,3757,-3.34,8.81,3.46,45300
"Culemborg",525000,79.49,5,-50,3523,23.22,14.77,1.58,41000
"Doesburg",275000,17.02,2,-60,3624,56.01,11.91,4.34,34800
"Doetinchem",307500,11.82,17,-54.05,2664,12.26,15.59,2.52,36800
"Druten",4e+05,45.45,5,66.67,2899,21.76,16.82,5.28,41700
"Duiven",289000,12.34,5,-50,2495,8.43,14.89,6.89,42300
"Ede",335000,5.68,28,-56.25,3181,2.45,8.28,-3.88,40000
"Elburg",395000,34.24,6,-57.14,2711,5.4,4.97,-1.09,41700
"Epe",537500,34.38,10,-58.33,3565,-8.61,7.49,4.19,39500
"Ermelo",435000,12.99,3,-70,3295,-11.23,9.73,-0.41,41000
"Harderwijk",369500,-0.14,10,-68.75,3100,-8.72,12.51,0.96,39600
"Hattem",369000,1.1,3,200,3075,-30.08,5.44,-0.27,42500
"Heerde",545000,37.97,5,-72.22,4910,41.42,9.18,4.82,42000
"Heumen",515000,80.7,2,-71.43,3697,38.78,8.23,-6.28,44300
"Lingewaard",390000,4,9,-47.06,2809,-9.36,8.75,-0.84,42100
"Lochem",379000,-28.36,9,-40,3571,15.72,11.91,-0.26,41900
"Maasdriel",515000,22.84,5,-64.29,2886,-10.43,3.44,-1.24,42800
"Montferland",439000,35.08,8,-61.9,3150,23.87,9.11,2.84,38700
"Neder-Betuwe",299250,1.96,2,-75,2719,-3.27,8.63,-0.46,41700
"Nijkerk",369000,-5.26,8,-46.67,4211,16.49,9.15,2.88,43900
"Nijmegen",344500,13.88,68,-11.69,3633,2.74,13.74,-1.99,27500
"Nunspeet",349000,-18.74,13,30,3497,-9.19,4.81,-1.79,41500
"Oldebroek",499000,-9.27,5,66.67,3125,11.93,6.82,2.62,41300
"OostGelre",259000,-11.91,9,50,2566,11.71,9.36,-3.52,41500
"OudeIJsselstreek",325000,4.84,10,-60,2532,-3.98,12.29,-1.1,36900
"Overbetuwe",499000,60.97,9,-30.77,3350,14.02,9.55,0.83,44000
"Putten",425000,1.92,6,-25,3396,-12.25,2.15,-3.41,43400
"Renkum",385000,-16.76,6,-70,4087,1.97,9.83,2.01,39000
"Rheden",282000,-15.82,24,-11.11,3206,4.43,16.96,5.44,34600
"Rozendaal",837.5,NA,2,NA,4.69,NA,NA,NA,NA
"Scherpenzeel",437500,10.9,4,0,3402,6.11,11.24,2.87,44000
"Tiel",332500,20.91,14,-54.84,2928,-2.4,12.29,2.33,36300
"Voorst",450000,-17.43,5,-44.44,3025,-14.72,6.76,-3.82,42700
"Wageningen",282500,-13.08,4,-55.56,2985,-5.33,13.41,3.9,26100
"WestBetuwe",405000,9.76,10,-56.52,3149,-2.66,7.82,-0.59,45900
"Westervoort",425000,60.38,1,-88.89,4942,122.21,15.86,3.63,38200
"WestMaasenWaal",4e+05,-20,2,-75,3053,-6.18,6.81,-3.56,41700
"Wijchen",392250,13.7,4,-63.64,3047,12.6,9.75,-0.47,41100
"Winterswijk",199500,-19.23,9,-40,2418,6.85,13.79,11.75,36400
"Zaltbommel",422000,20.74,8,-20,2920,4.4,6.68,0.47,41700
"Zevenaar",227500,-16.36,8,-78.95,2329,-4.51,14.66,0.9,36900
"Zutphen",249500,-23.23,15,-34.78,2567,-7.6,12.49,2.16,34500
"Beek",325000,27.7,5,-37.5,2321,-2.85,12.6,0.33,39100
"Beekdaelen",291500,-2.18,7,-46.15,2129,-13.56,6,-4.3,39200
"Beesel",0,NA,0,-100,0,NA,5.16,-3.71,37800
"Bergen(L)",382500,27.5,4,-42.86,2729,14.62,8.04,-0.56,39900
"Brunssum",175000,-17.45,9,-40,1863,-14.93,8.05,-1.03,32600
"Echt-Susteren",322250,2.06,6,-57.14,2147,-4.15,6.57,-1.63,38000
"Eijsden-Margraten",315000,-21.74,6,-57.14,2935,6.23,12.63,4.97,44500
"Gennep",485000,50.39,4,-50,3063,23.46,5.86,1.85,39600
"Gulpen-Wittem",220000,-29.6,5,-37.5,2551,14.19,4.36,-3.73,38700
"Heerlen",210000,5,27,-57.81,2115,12.62,12.87,4.17,28900
"HorstaandeMaas",250000,-23.08,2,-88.24,2167,-27.98,7.58,3.27,41800
"Kerkrade",175000,-18.22,18,-45.45,1907,0.53,6.08,0.22,30400
"Landgraaf",225000,-17.28,7,-69.57,2445,7.47,9.92,-0.99,34400
"Leudal",227500,-36.67,6,-40,2226,-20.9,5.72,-1.96,41000
"Maasgouw",320000,20.98,4,-69.23,2295,-12.24,6.94,0.89,39900
"Maastricht",319000,-4.78,48,-11.11,3127,3.51,12.49,-0.28,28000
"Meerssen",370000,10.45,3,-66.67,2552,-16.57,4.89,-4.82,40800
"MookenMiddelaar",612500,9.87,2,-50,3922,4.81,17.85,7.66,44100
"Nederweert",310000,-2.82,6,20,2923,8.7,7.49,-0.97,41400
"PeelenMaas",465000,51.34,10,-33.33,2959,13.55,9.27,3.55,41900
"Roerdalen",259000,-13.67,5,-37.5,2407,0.88,7.03,5.99,38500
"Roermond",3e+05,9.09,5,-87.18,3201,36.62,6.57,-0.83,33300
"Simpelveld",325000,17.33,3,-25,2612,5.71,12.98,11.28,36400
"Sittard-Geleen",240000,1.27,29,-38.3,2000,-3.43,10.68,2.94,33600
"Stein",279000,-6.38,9,0,2586,4.23,9.39,-0.59,37700
"Vaals",174,NA,3,NA,1.713,NA,5.15,0.58,30000
"ValkenburgaandeGeul",325000,-15.58,3,-66.67,2567,-14.83,7.19,10.08,35600
"Venlo",379500,43.21,26,-50,2735,17.84,8.56,3.05,33700
"Venray",297000,14.23,8,-27.27,2729,27.11,7.76,-1.93,39100
"Voerendaal",287500,3.23,2,-66.67,2185,-12.53,9.78,-0.59,40800
"Weert",375000,30.21,17,-39.29,2799,-9.62,8.54,1.11,37300
